17,BODEGA,171,VINOS CON DENOMINACION DE ORIGEN,11,"ARAGON, NAVARRA Y OTRAS REGIONES",64712,VINO TINTO RESERVA ABADIA DE ARAGON   75 CL,64712,P11M07I,8424659010159,0001.95,21,https://www.amicesta.com/wp-content/uploads/2020/07/64712.jpg
17,BODEGA,171,VINOS CON DENOMINACION DE ORIGEN,11,"ARAGON, NAVARRA Y OTRAS REGIONES",21788,VINO BLANCO RAIOLAS ALBARIÑO D'OUTONO   75 CL,21788,P11M6I,8437007717068,4.94,21,https://www.amicesta.com/wp-content/uploads/2020/06/21788.png
17,BODEGA,171,VINOS CON DENOMINACION DE ORIGEN,11,"ARAGON, NAVARRA Y OTRAS REGIONES",26637,VINO DE NAVARRA ALARNES TINTO BOTELLA 75 CL.,26637,P11M7I,8437001102600,1.85,21,https://www.amicesta.com/wp-content/uploads/2019/12/26637.jpg
17,BODEGA,171,VINOS CON DENOMINACION DE ORIGEN,11,"ARAGON, NAVARRA Y OTRAS REGIONES",55864,VINO TINTO JOVEN ABADIA DE ARAGON   75 CL,55864,P11M6I,8424659010036,1.59,21,https://www.amicesta.com/wp-content/uploads/2019/12/55864.jpg
17,BODEGA,171,VINOS CON DENOMINACION DE ORIGEN,11,"ARAGON, NAVARRA Y OTRAS REGIONES",55895,VINO TINTO CRIANZA ABADIA DE ARAGON   75 CL,55895,P11M07I,8424659010104,1.89,21,https://www.amicesta.com/wp-content/uploads/2020/06/55895.png
17,BODEGA,171,VINOS CON DENOMINACION DE ORIGEN,11,"ARAGON, NAVARRA Y OTRAS REGIONES",972190,VINO BLANCO SEMIDULCE BACH EXTRISIMO   75 CL,78370,P11M6I,8410013174018,4.12,21,https://www.amicesta.com/wp-content/uploads/2019/12/78370.jpg
17,BODEGA,171,VINOS CON DENOMINACION DE ORIGEN,11,"ARAGON, NAVARRA Y OTRAS REGIONES",96940,VINO BLANCO RIBEIRO PAZO   75 CL,96940,P11M6I,8411409210105,3.39,21,https://www.amicesta.com/wp-content/uploads/2019/05/96940.jpg
17,BODEGA,171,VINOS CON DENOMINACION DE ORIGEN,11,"ARAGON, NAVARRA Y OTRAS REGIONES",112120,VINO BLANCO CHARDONNAY 75 CL. ARAGUS,112120,P11M6I,8411528081037,3.05,21,https://www.amicesta.com/wp-content/uploads/2019/12/112120.jpg
17,BODEGA,171,VINOS CON DENOMINACION DE ORIGEN,11,"ARAGON, NAVARRA Y OTRAS REGIONES",133140,VINO NAVARRA DIACONO JOVEN TINTO 75 CL,133140,P11M07I,8410685203016,1.74,21,https://www.amicesta.com/wp-content/uploads/2020/06/133140.png
17,BODEGA,171,VINOS CON DENOMINACION DE ORIGEN,11,"ARAGON, NAVARRA Y OTRAS REGIONES",150694,VINO TINTO CRIANZA PUENTE DE PIEDRA   75 CL,150694,P11M07I,8412075404744,2.35,21,https://www.amicesta.com/wp-content/uploads/2020/06/150694.png
17,BODEGA,171,VINOS CON DENOMINACION DE ORIGEN,11,"ARAGON, NAVARRA Y OTRAS REGIONES",173765,VINO BLANCO VALL DE JUY   75 CL,173765,P11M6I,8480029319970,3.59,21,https://www.amicesta.com/wp-content/uploads/2020/06/173765.png
17,BODEGA,171,VINOS CON DENOMINACION DE ORIGEN,11,"ARAGON, NAVARRA Y OTRAS REGIONES",173781,VINO DO PENEDES VALL DE JUY BLANCO SEMI B/75 CL,173781,P11M6I,8480029389386,3.59,21,https://www.amicesta.com/wp-content/uploads/2020/06/173781.png
17,BODEGA,171,VINOS CON DENOMINACION DE ORIGEN,11,"ARAGON, NAVARRA Y OTRAS REGIONES",185967,VINO DO NAVARRA HOMENAJE ROSADO B/75,185967,P11M6I,8422763910068,3.63,21,https://www.amicesta.com/wp-content/uploads/2019/05/185967.jpg
17,BODEGA,171,VINOS CON DENOMINACION DE ORIGEN,11,"ARAGON, NAVARRA Y OTRAS REGIONES",290726,VINO BLANCO 75 CL    BLANC PESCADOR,290726,P11M6I,8410745002030,3.52,21,https://www.amicesta.com/wp-content/uploads/2019/12/290726.jpg
17,BODEGA,171,VINOS CON DENOMINACION DE ORIGEN,33,RIOJAS,11114,VINO TINTO FAUSTINO VII   75 CL,11114,P11M7I,8410441211002,0003.79,21,https://www.amicesta.com/wp-content/uploads/2019/05/11114.jpg
17,BODEGA,171,VINOS CON DENOMINACION DE ORIGEN,33,RIOJAS,266965,VINO TINTO EL COTO CRIANZA   75 CL,266965,P11M7I,8410537200422,0005.95,21,https://www.amicesta.com/wp-content/uploads/2019/12/266965.jpg
17,BODEGA,171,VINOS CON DENOMINACION DE ORIGEN,33,RIOJAS,10777,VINO TINTO SAN ASENSIO   75 CL,10777,P11M7I,8410302106102,2.98,21,https://www.amicesta.com/wp-content/uploads/2019/12/10777.jpg
17,BODEGA,171,VINOS CON DENOMINACION DE ORIGEN,33,RIOJAS,10991,VINO TINTO DE LA RIOJA 75 CL    CAMPO VIEJO TEMPRANIL,10991,P11M7I,8410302106706,3.79,21,https://www.amicesta.com/wp-content/uploads/2019/12/10991.jpg
17,BODEGA,171,VINOS CON DENOMINACION DE ORIGEN,33,RIOJAS,11163,VINO TINTO PATERNINA BANDA AZU BANDA AZUL   CRIANZA 75 CL,11163,P11M7I,8410026047545,5.36,21,https://www.amicesta.com/wp-content/uploads/2019/12/11163.jpg
17,BODEGA,171,VINOS CON DENOMINACION DE ORIGEN,33,RIOJAS,11239,VINO BLANCO DIAMANTE   75 CL,11239,P11M6I,8410106023254,3.91,21,https://www.amicesta.com/wp-content/uploads/2019/12/11239.jpg
17,BODEGA,171,VINOS CON DENOMINACION DE ORIGEN,33,RIOJAS,18837,VINO TINTO PATA NEGRA CRIANZA RIOJA   75 CL.,18837,P11M7I,8410261112015,6.86,21,https://www.amicesta.com/wp-content/uploads/2019/05/18837.jpg
17,BODEGA,171,VINOS CON DENOMINACION DE ORIGEN,33,RIOJAS,26705,VINO BLANCO SEMIDULCE CUNE   75 CL,26705,P11M6I,8410591004554,4.5,21,https://www.amicesta.com/wp-content/uploads/2020/06/26705.png
17,BODEGA,171,VINOS CON DENOMINACION DE ORIGEN,33,RIOJAS,53043,VINO BLANCO MARQUES DE CACERES   75 CL,53043,P11M6I,8410406811001,4.28,21,https://www.amicesta.com/wp-content/uploads/2019/12/53043.jpg
17,BODEGA,171,VINOS CON DENOMINACION DE ORIGEN,33,RIOJAS,66075,VINO TINTO SOLAR VIEJO   75 CL,66075,P11M7I,8436034030102,4.31,21,https://www.amicesta.com/wp-content/uploads/2019/12/66075.jpg
17,BODEGA,171,VINOS CON DENOMINACION DE ORIGEN,33,RIOJAS,72538,VINO TINTO CRIANZA MARQUES DE CACERES   75 CL,72538,P11M7I,8410406311006,6.81,21,https://www.amicesta.com/wp-content/uploads/2019/12/72538.jpg
17,BODEGA,171,VINOS CON DENOMINACION DE ORIGEN,33,RIOJAS,85460,VINO TINTO CRIANZA VIÑA CUMBRERO   75 CL,85460,P11M7I,8410337311038,4.99,21,https://www.amicesta.com/wp-content/uploads/2019/12/85460.jpg
17,BODEGA,171,VINOS CON DENOMINACION DE ORIGEN,33,RIOJAS,96425,VINO BLANCO EL COTO   75 CL,96425,P11M6I,8410537600727,3.85,21,https://www.amicesta.com/wp-content/uploads/2019/12/96425.jpg
17,BODEGA,171,VINOS CON DENOMINACION DE ORIGEN,33,RIOJAS,104640,VINO D.O.RIOJA VIÑA POMAL CRIANZA TINTO 75 CL,104640,P11M7I,8411543110613,7.55,21,https://www.amicesta.com/wp-content/uploads/2019/12/104640.jpg
17,BODEGA,171,VINOS CON DENOMINACION DE ORIGEN,33,RIOJAS,116495,VINO TINTO D.O.CRIANZA RIOJA CAMPILLO   75 CL,116495,P11M7I,8420455132040,10.91,21,https://www.amicesta.com/wp-content/uploads/2019/12/116495.jpg
17,BODEGA,171,VINOS CON DENOMINACION DE ORIGEN,33,RIOJAS,251140,VINO TINTO BARON DE URZANDE   75 CL,251140,P11M07I,8480029317136,2.99,21,https://www.amicesta.com/wp-content/uploads/2020/06/251140.png
17,BODEGA,171,VINOS CON DENOMINACION DE ORIGEN,33,RIOJAS,271734,VINO ROSADO MARQUES DE CACERES   75 CL,271734,P11M6I,8410406611007,4.3,21,https://www.amicesta.com/wp-content/uploads/2019/12/271734.jpg
17,BODEGA,171,VINOS CON DENOMINACION DE ORIGEN,71,DULCES Y OTROS,86820,FINO RONQUILLO    75CL.,86820,P11M8I,8410028521906,0002.65,21,https://www.amicesta.com/wp-content/uploads/2019/12/86820.jpg
17,BODEGA,171,VINOS CON DENOMINACION DE ORIGEN,71,DULCES Y OTROS,11452,VINO BLANCO TIO PEPE   75 CL,11452,P11M8I,8410023000031,6.12,21,https://www.amicesta.com/wp-content/uploads/2019/12/11452.jpg
17,BODEGA,171,VINOS CON DENOMINACION DE ORIGEN,71,DULCES Y OTROS,11510,VINO DULCE VIRGEN MALAGA   70 CL,11510,P11M8I,8410466189027,5.83,21,https://www.amicesta.com/wp-content/uploads/2019/12/11510.jpg
17,BODEGA,171,VINOS CON DENOMINACION DE ORIGEN,71,DULCES Y OTROS,53228,DULCE 13º CASTELRIO BOTELLA 75 CL,53228,P11M8I,8411155920938,2.78,21,https://www.amicesta.com/wp-content/uploads/2020/06/53228.png
17,BODEGA,171,VINOS CON DENOMINACION DE ORIGEN,71,DULCES Y OTROS,86230,MANZANILLA 75 CL.    MUY FINA,86230,P11M8I,8410061221542,3.77,21,https://www.amicesta.com/wp-content/uploads/2019/12/86230.jpg
17,BODEGA,171,VINOS CON DENOMINACION DE ORIGEN,71,DULCES Y OTROS,86821,MANZANILLA PEREZ MEGIA   75CL.,86821,P11M8I,8410028520909,2.79,21,https://www.amicesta.com/wp-content/uploads/2019/12/86821.jpg
17,BODEGA,171,VINOS CON DENOMINACION DE ORIGEN,71,DULCES Y OTROS,96441,VINO DE JEREZ PEDRO XIMENEZ 1827   75 CL,96441,P11M8I,8410337014038,11.15,21,https://www.amicesta.com/wp-content/uploads/2019/12/96441.jpg
17,BODEGA,171,VINOS CON DENOMINACION DE ORIGEN,71,DULCES Y OTROS,174730,MOSCATEL D.O. TRINIDAD   75 CL,174730,P11M8I,8411304002904,2.88,21,https://www.amicesta.com/wp-content/uploads/2020/06/174730.png
17,BODEGA,171,VINOS CON DENOMINACION DE ORIGEN,71,DULCES Y OTROS,372268,VINO BLANCO 75 CL    CASTILLO SAN DIEGO,372268,P11M6I,8410061210348,3.63,21,https://www.amicesta.com/wp-content/uploads/2019/12/372268.jpg
17,BODEGA,171,VINOS CON DENOMINACION DE ORIGEN,85,VINOS EXTRANJEROS,58717,LAMBRUSCO AMABILE IGT EMILIA TORRE COLLE   75 CL,58717,P11M6I,8003325603033,0003.49,21,https://www.amicesta.com/wp-content/uploads/2020/06/58717.png
17,BODEGA,171,VINOS CON DENOMINACION DE ORIGEN,85,VINOS EXTRANJEROS,155078,LAMBRUSCO ROSADO LA COLOMBARA   75 CL,155078,P11M6I,8003295002867,0001.99,21,https://www.amicesta.com/wp-content/uploads/2020/06/155078.png
17,BODEGA,171,VINOS CON DENOMINACION DE ORIGEN,85,VINOS EXTRANJEROS,157196,VINO CHILENO TINTO GATO NEGRO   75 CL,157196,P11M7I,7804300010638,0004.25,21,https://www.amicesta.com/wp-content/uploads/2019/12/157196.jpg
17,BODEGA,171,VINOS CON DENOMINACION DE ORIGEN,85,VINOS EXTRANJEROS,58718,LAMBRUSCO AMABILE IGT EMILIA ROSATO TORRE COLLE   75 CL,58718,P11M6I,8003325603057,2.99,21,https://www.amicesta.com/wp-content/uploads/2020/06/58718.png
17,BODEGA,171,VINOS CON DENOMINACION DE ORIGEN,85,VINOS EXTRANJEROS,59907,VINO ROSADO MATEUS   75 CL,59907,P11M8I,5601012011500,3.75,21,https://www.amicesta.com/wp-content/uploads/2019/12/59907.jpg
17,BODEGA,171,VINOS CON DENOMINACION DE ORIGEN,85,VINOS EXTRANJEROS,97134,VINO TINTO PIERRE CHANAU   75 CL,97134,P11M07I,3254560048607,4.92,21,https://www.amicesta.com/wp-content/uploads/2020/06/97134.png
17,BODEGA,171,VINOS CON DENOMINACION DE ORIGEN,85,VINOS EXTRANJEROS,116097,VINO DULCE MADEIRA   75 CL,116097,P11M8I,5601889009020,11.59,21,https://www.amicesta.com/wp-content/uploads/2019/12/116097.jpg
17,BODEGA,171,VINOS CON DENOMINACION DE ORIGEN,85,VINOS EXTRANJEROS,147656,VINO OPORTO TAWNY VASCOS 75 CL,147656,P11M8I,5601002104533,5.94,21,https://www.amicesta.com/wp-content/uploads/2020/06/147656.png
17,BODEGA,171,VINOS CON DENOMINACION DE ORIGEN,85,VINOS EXTRANJEROS,155077,LAMBRUSCO TINTO LA COLOMBARA   75 CL,155077,P11M6I,8003295002317,1.88,21,https://www.amicesta.com/wp-content/uploads/2019/12/155077.jpg
17,BODEGA,171,VINOS CON DENOMINACION DE ORIGEN,85,VINOS EXTRANJEROS,161326,VINO BLANCO CHABLIS PIERRE CHANAU   75 CL,161326,P11M7I,3254560071377,13.23,21,https://www.amicesta.com/wp-content/uploads/2019/12/161326.jpg
17,BODEGA,171,VINOS CON DENOMINACION DE ORIGEN,85,VINOS EXTRANJEROS,161328,VINO TINTO BOURGOGNE PIERRE CHANAU   75 CL,161328,P11M7I,3254560826823,6.85,21,https://www.amicesta.com/wp-content/uploads/2019/12/161328.jpg
17,BODEGA,171,VINOS CON DENOMINACION DE ORIGEN,85,VINOS EXTRANJEROS,161329,VINO TINTO COTES DU RHONE PIERRE CHANAU   75 CL,161329,P11M7I,3254560560192,4.69,21,https://www.amicesta.com/wp-content/uploads/2019/12/161329.jpg
17,BODEGA,171,VINOS CON DENOMINACION DE ORIGEN,85,VINOS EXTRANJEROS,161330,VINO BLANCO RIESLING PIERRE CHANAU   75 CL,161330,P11M7I,3254560014060,6.9,21,https://www.amicesta.com/wp-content/uploads/2019/12/161330.jpg
17,BODEGA,171,VINOS CON DENOMINACION DE ORIGEN,85,VINOS EXTRANJEROS,161331,VINO TINTO SAINT-EMILION PIERRE CHANAU   75 CL,161331,P11M8I,3254560037328,9.3,21,https://www.amicesta.com/wp-content/uploads/2019/12/161331.jpg
17,BODEGA,171,VINOS CON DENOMINACION DE ORIGEN,85,VINOS EXTRANJEROS,161332,VINO BLANCO GEWURZTRAMINER PIERRE CHANAU   75 CL,161332,P11M7I,3254560014145,7.1,21,https://www.amicesta.com/wp-content/uploads/2019/12/161332.jpg
17,BODEGA,171,VINOS CON DENOMINACION DE ORIGEN,85,VINOS EXTRANJEROS,161333,VINO BLANCO SAUVIGNON BLANC PIERRE CHANAU   75 CL,161333,P11M7I,3254560599086,4.54,21,https://www.amicesta.com/wp-content/uploads/2019/12/161333.jpg
17,BODEGA,168,VINOS COMUNES,0,"TINTOS, BLANCOS Y ROSADOS",24390,VINO DON SIMON TINTO PET 1 LITRO,24390,P11Cbd,8410261271019,1.81,21,https://www.amicesta.com/wp-content/uploads/2019/12/24390.jpg
17,BODEGA,168,VINOS COMUNES,0,"TINTOS, BLANCOS Y ROSADOS",24391,VINO DON SIMON BLANCO PET 1 LITRO,24391,P11Cbd,8410261273013,1.81,21,https://www.amicesta.com/wp-content/uploads/2019/12/24391.jpg
17,BODEGA,168,VINOS COMUNES,0,"TINTOS, BLANCOS Y ROSADOS",85058,VINO DON SIMON MINI E.C. TINTO P.3 187 ML,85058,P11Cbd,8410261271408,1.29,21,https://www.amicesta.com/wp-content/uploads/2020/07/85058.png
17,BODEGA,168,VINOS COMUNES,0,"TINTOS, BLANCOS Y ROSADOS",85059,VINO DON SIMON MINI E.C. BLANCO P 3 187 ML,85059,P11Cbd,8410261273402,1.25,21,https://www.amicesta.com/wp-content/uploads/2020/07/85059.png
17,BODEGA,168,VINOS COMUNES,0,"TINTOS, BLANCOS Y ROSADOS",112052,VINO JOVEN JORDAN BLANCO B/ 75 CL.,112052,P11M5I,8410261513201,2.05,21,https://www.amicesta.com/wp-content/uploads/2019/12/112052.jpg
17,BODEGA,168,VINOS COMUNES,0,"TINTOS, BLANCOS Y ROSADOS",112060,VINO JOVEN JORDAN ROSADO B/ 75 CL.,112060,P11M6I,8410261512204,1.81,21,https://www.amicesta.com/wp-content/uploads/2019/12/112060.jpg
17,BODEGA,168,VINOS COMUNES,0,"TINTOS, BLANCOS Y ROSADOS",171108,VINO DON SIMON TINTO 1 L.,171108,P11Cbd,8410261271101,1.42,21,https://www.amicesta.com/wp-content/uploads/2019/05/171108.jpg
17,BODEGA,168,VINOS COMUNES,0,"TINTOS, BLANCOS Y ROSADOS",171124,VINO DON SIMON BLANCO 1 L.,171124,P11Cbd,8410261273105,1.33,21,https://www.amicesta.com/wp-content/uploads/2019/05/171124.jpg
17,BODEGA,168,VINOS COMUNES,0,"TINTOS, BLANCOS Y ROSADOS",293431,VINO BLANCO GRAN CHEF   75 CL,293431,P11M8I,8410631500008,3.42,21,https://www.amicesta.com/wp-content/uploads/2019/12/293431.jpg
17,BODEGA,178,VINOS ESPUMOSOS,0,CAVAS Y CHAMPAGNE,11809,SEKT DUBOIS GRAN CREMANT SEMI 75 CL.,11809,P11M9I,8410384005416,0002.50,21,https://www.amicesta.com/wp-content/uploads/2020/06/11809.png
17,BODEGA,178,VINOS ESPUMOSOS,0,CAVAS Y CHAMPAGNE,11718,CAVA CODORNIU EXTRA SEMI SECO 75 CL.,11718,P11M9I,8410013033018,5.91,21,https://www.amicesta.com/wp-content/uploads/2019/12/11718.jpg
17,BODEGA,178,VINOS ESPUMOSOS,0,CAVAS Y CHAMPAGNE,11791,CAVA FREIXENET CARTA NEVADA SEMI SECO 75 CL,11791,P11M9I,8410036800512,4.95,21,https://www.amicesta.com/wp-content/uploads/2019/12/11791.jpg
17,BODEGA,178,VINOS ESPUMOSOS,0,CAVAS Y CHAMPAGNE,11817,CAVA MINI NEVADA SEMI PACK 3 X 20 CL.,11817,P11M9I,8410036036294,4.5,21,https://www.amicesta.com/wp-content/uploads/2019/12/11817.jpg
17,BODEGA,178,VINOS ESPUMOSOS,0,CAVAS Y CHAMPAGNE,11825,CAVA FREIXENET CORDON NEGRO BRUT 75 CL,11825,P11M9I,8410036800468,6.24,21,https://www.amicesta.com/wp-content/uploads/2020/06/11825.png
17,BODEGA,178,VINOS ESPUMOSOS,0,CAVAS Y CHAMPAGNE,11908,CAVA SEMI SECO RONDEL ORO   75 CL,11908,P11M9I,8410013133015,3.29,21,https://www.amicesta.com/wp-content/uploads/2020/06/11908.png
17,BODEGA,178,VINOS ESPUMOSOS,0,CAVAS Y CHAMPAGNE,25247,CAVA CODORNIU EXTRA BRUT 75 CL.,25247,P11M9I,8410013031014,5.91,21,https://www.amicesta.com/wp-content/uploads/2019/12/25247.jpg
17,BODEGA,178,VINOS ESPUMOSOS,0,CAVAS Y CHAMPAGNE,54791,CAVA BRUT NATURE FREIXENET   75 CL,54791,P11M9I,8410036801144,7.91,21,https://www.amicesta.com/wp-content/uploads/2020/06/54791.png
17,BODEGA,178,VINOS ESPUMOSOS,0,CAVAS Y CHAMPAGNE,59976,CAVA VALL DE JUY BRUT 75 CL,59976,P11M9I,8413831888877,3.59,21,https://www.amicesta.com/wp-content/uploads/2020/06/59976.png
17,BODEGA,178,VINOS ESPUMOSOS,0,CAVAS Y CHAMPAGNE,59978,CAVA VALL DE JUY SEMI 75 CL,59978,P11M9I,8410013997709,3.59,21,https://www.amicesta.com/wp-content/uploads/2020/06/59978.png
17,BODEGA,178,VINOS ESPUMOSOS,0,CAVAS Y CHAMPAGNE,64512,CAVA VALL DE JUY BRUT NATURE 75 CL,64512,P11M9I,8410013997747,3.94,21,https://www.amicesta.com/wp-content/uploads/2020/06/64512.png
17,BODEGA,178,VINOS ESPUMOSOS,0,CAVAS Y CHAMPAGNE,85902,CHAMPAGNE BRUT IMPERIAL MOET C MOET CHANDON   75 CL,85902,Linea de Caja 1,3185370000335,34.25,21,https://www.amicesta.com/wp-content/uploads/2019/12/85902.jpg
17,BODEGA,178,VINOS ESPUMOSOS,0,CAVAS Y CHAMPAGNE,99432,CAVA FREIXENET CARTA NEVADA BRUT 75 CL,99432,P11M9I,8410036800499,4.95,21,https://www.amicesta.com/wp-content/uploads/2019/12/99432.jpg
17,BODEGA,178,VINOS ESPUMOSOS,0,CAVAS Y CHAMPAGNE,143685,CAVA ANNA-CODORNIU BRUT 75 CL,143685,P11M9I,8410013261015,9.16,21,https://www.amicesta.com/wp-content/uploads/2019/12/143685.jpg
17,BODEGA,178,VINOS ESPUMOSOS,0,CAVAS Y CHAMPAGNE,149789,CAVA SEMISECO LAR DE LARES   75 CL,149789,P11M9I,8420209018583,2.45,21,https://www.amicesta.com/wp-content/uploads/2019/12/149789.jpg
17,BODEGA,178,VINOS ESPUMOSOS,0,CAVAS Y CHAMPAGNE,149790,CAVA BRUT LAR DE LARES   75 CL,149790,P11M9I,8420209018576,2.45,21,https://www.amicesta.com/wp-content/uploads/2019/12/149790.jpg
17,BODEGA,178,VINOS ESPUMOSOS,0,CAVAS Y CHAMPAGNE,159608,CAVA REYES DE ARAGON BRUT IMPE BRUT IMPERIAL  75 CL,159608,P11M9I,8420560000173,4.85,21,https://www.amicesta.com/wp-content/uploads/2020/06/159608.png
17,BODEGA,178,VINOS ESPUMOSOS,0,CAVAS Y CHAMPAGNE,384602,CAVA BRUT GRAN CREMANT CODORNIU   75 CL,384602,P11M9I,8410013041013,5.89,21,https://www.amicesta.com/wp-content/uploads/2019/12/384602.jpg
17,BODEGA,171,VINOS CON DENOMINACION DE ORIGEN,1,"RIBERA DEL DUERO, RUEDA Y TORO",139600,VINO BLANCO VERDEJO CUATRO RAYAS   75 CL,139600,P11M6I,8414219001000,0005.95,21,https://www.amicesta.com/wp-content/uploads/2020/06/139600.png
17,BODEGA,171,VINOS CON DENOMINACION DE ORIGEN,1,"RIBERA DEL DUERO, RUEDA Y TORO",14112,VINO D.O. RUEDA CUNE VERDEJO BLANCO 75 CL,14112,P11M6I,8410591004783,5.15,21,https://www.amicesta.com/wp-content/uploads/2019/05/14112.jpg
17,BODEGA,171,VINOS CON DENOMINACION DE ORIGEN,1,"RIBERA DEL DUERO, RUEDA Y TORO",16010,VINO TINTO ROBLE CUNE   75 CL,16010,P11M7I,8410591004608,7.6,21,https://www.amicesta.com/wp-content/uploads/2019/12/16010.jpg
17,BODEGA,171,VINOS CON DENOMINACION DE ORIGEN,1,"RIBERA DEL DUERO, RUEDA Y TORO",18838,VINO BLANCO VERDEJO PATA NEGRA   75 CL,18838,P11M6I,8410261113005,4.85,21,https://www.amicesta.com/wp-content/uploads/2019/05/18838.jpg
17,BODEGA,171,VINOS CON DENOMINACION DE ORIGEN,1,"RIBERA DEL DUERO, RUEDA Y TORO",18839,VINO TINTO ROBLE PATA NEGRA   75 CL,18839,P11M7I,8410261111124,4.85,21,https://www.amicesta.com/wp-content/uploads/2019/12/18839.jpg
17,BODEGA,171,VINOS CON DENOMINACION DE ORIGEN,1,"RIBERA DEL DUERO, RUEDA Y TORO",19032,VINO TINTO ROBLE RIBERA PATA NEGRA  75 CL.,19032,P11M7I,8410261111018,6.81,21,https://www.amicesta.com/wp-content/uploads/2019/05/19032.jpg
17,BODEGA,171,VINOS CON DENOMINACION DE ORIGEN,1,"RIBERA DEL DUERO, RUEDA Y TORO",23381,VINO BLANCO EDERRA   75 CL,23381,P11M6I,8410013016530,5.33,21,https://www.amicesta.com/wp-content/uploads/2019/12/23381.jpg
17,BODEGA,171,VINOS CON DENOMINACION DE ORIGEN,1,"RIBERA DEL DUERO, RUEDA Y TORO",33107,VINO TINTO RESERVA VEGA DE NAVA   75 CL,33107,P11M07I,8412138824427,8.99,21,https://www.amicesta.com/wp-content/uploads/2020/06/33107.png
17,BODEGA,171,VINOS CON DENOMINACION DE ORIGEN,1,"RIBERA DEL DUERO, RUEDA Y TORO",44620,VIN RIBERA DEL DUERO ALTOS DE TAMARON TIN ROBLE B/75 CL,44620,P11M07I,8410702001762,5.3,21,https://www.amicesta.com/wp-content/uploads/2020/06/44620.png
17,BODEGA,171,VINOS CON DENOMINACION DE ORIGEN,1,"RIBERA DEL DUERO, RUEDA Y TORO",44832,VINO TINTO JOVEN ALTOS DE TAMARON   75 CL,44832,P11M7I,8410702001779,3.47,21,https://www.amicesta.com/wp-content/uploads/2019/12/44832.jpg
17,BODEGA,171,VINOS CON DENOMINACION DE ORIGEN,1,"RIBERA DEL DUERO, RUEDA Y TORO",58716,VINO D.O. RUEDA MRQUES DE RISCAL BLANCO 75 CL,58716,P11M6I,8410866430019,7.25,21,https://www.amicesta.com/wp-content/uploads/2019/05/58716.jpg
17,BODEGA,171,VINOS CON DENOMINACION DE ORIGEN,1,"RIBERA DEL DUERO, RUEDA Y TORO",77435,VINO BLANCO JOVEN BLUME   75 CL,77435,P11M6I,8410702000499,4.48,21,https://www.amicesta.com/wp-content/uploads/2020/06/77435.png
17,BODEGA,171,VINOS CON DENOMINACION DE ORIGEN,1,"RIBERA DEL DUERO, RUEDA Y TORO",96354,VINO D.O. PROTOS RIBERA DUERO ROBLE TINTO 75 CL,96354,P11M7I,8420342002012,7.99,21,https://www.amicesta.com/wp-content/uploads/2019/12/96354.jpg
17,BODEGA,171,VINOS CON DENOMINACION DE ORIGEN,1,"RIBERA DEL DUERO, RUEDA Y TORO",98807,VINO BLANCO VERDEJO PROTOS   75 CL,98807,P11M6I,8420342203013,6.26,21,https://www.amicesta.com/wp-content/uploads/2019/12/98807.jpg
17,BODEGA,171,VINOS CON DENOMINACION DE ORIGEN,1,"RIBERA DEL DUERO, RUEDA Y TORO",149915,VINO TINTO VEGA DE NAVA   75 CL,149915,P11M07I,8412138824304,3.27,21,https://www.amicesta.com/wp-content/uploads/2019/12/149915.jpg
17,BODEGA,171,VINOS CON DENOMINACION DE ORIGEN,1,"RIBERA DEL DUERO, RUEDA Y TORO",168671,VINO TINTO ROBLE MAYOR DE CASTILLA   75 CL,168671,P11M7I,8410261752037,3.96,21,https://www.amicesta.com/wp-content/uploads/2019/12/168671.jpg
17,BODEGA,171,VINOS CON DENOMINACION DE ORIGEN,1,"RIBERA DEL DUERO, RUEDA Y TORO",188185,VINO TINTO ROBLE VIÑA MAYOR   75 CL,188185,P11M7I,8410849000253,6.88,21,https://www.amicesta.com/wp-content/uploads/2019/12/188185.jpg
17,BODEGA,171,VINOS CON DENOMINACION DE ORIGEN,1,"RIBERA DEL DUERO, RUEDA Y TORO",286708,VINO ROSADO SEMI SECO PEÑASCAL   75 CL.,286708,P11M6I,8410849000178,3.09,21,https://www.amicesta.com/wp-content/uploads/2019/05/286708.jpg
17,BODEGA,171,VINOS CON DENOMINACION DE ORIGEN,1,"RIBERA DEL DUERO, RUEDA Y TORO",291500,VINO DO RIBERA DEL DUERO CRIANZA VEGA DE NAVA TINTO B/75CL,291500,P11M07I,8412138824311,5.99,21,https://www.amicesta.com/wp-content/uploads/2020/06/291500.png
17,BODEGA,171,VINOS CON DENOMINACION DE ORIGEN,5,VALDEPEÑAS Y CASTILLA LA MANCHA,714015,VINO TINTO NOBLE MEDIA CRZA 75CL AGORA TEMPRANILLO,714015,P11M4I,8437002764111,0003.50,21,https://www.amicesta.com/wp-content/uploads/2019/12/714015.jpg
17,BODEGA,171,VINOS CON DENOMINACION DE ORIGEN,5,VALDEPEÑAS Y CASTILLA LA MANCHA,729569,BLANCO VERDEJO/SAUV 75CL.  CORCOVO,729569,P11M5I,8437000860198,0004.95,21,https://www.amicesta.com/wp-content/uploads/2019/12/729569.jpg
17,BODEGA,171,VINOS CON DENOMINACION DE ORIGEN,5,VALDEPEÑAS Y CASTILLA LA MANCHA,19461,VINO VERDEJO BLANCO CAL Y CANTO  75 CL,19461,P11M5I,8437007139433,1.84,21,https://www.amicesta.com/wp-content/uploads/2019/12/19461.jpg
17,BODEGA,171,VINOS CON DENOMINACION DE ORIGEN,5,VALDEPEÑAS Y CASTILLA LA MANCHA,41638,VINO D.O.MANCHA CRIANZA LA LLANURA TINTO 75 CL,41638,P11M3I,8412531972497,1.85,21,https://www.amicesta.com/wp-content/uploads/2020/04/41638.jpg
17,BODEGA,171,VINOS CON DENOMINACION DE ORIGEN,5,VALDEPEÑAS Y CASTILLA LA MANCHA,60672,VINO TINTO RESERVA LA LLANURA   75 CL,60672,P11M4I,8412531972503,2.25,21,https://www.amicesta.com/wp-content/uploads/2019/12/60672.jpg
17,BODEGA,171,VINOS CON DENOMINACION DE ORIGEN,5,VALDEPEÑAS Y CASTILLA LA MANCHA,79479,VINO TINTO RESERVA SEÑORIO DE LOS LLANOS   75 CL,79479,P11M4I,8410415520628,3.19,21,https://www.amicesta.com/wp-content/uploads/2019/12/79479.jpg
17,BODEGA,171,VINOS CON DENOMINACION DE ORIGEN,5,VALDEPEÑAS Y CASTILLA LA MANCHA,97102,VINO VALDEPEÑAS TINTO VIÑA ALBALI CRIANZA 75 CL,97102,P11M3I,8410702000215,2.48,21,https://www.amicesta.com/wp-content/uploads/2020/06/97102.png
17,BODEGA,171,VINOS CON DENOMINACION DE ORIGEN,5,VALDEPEÑAS Y CASTILLA LA MANCHA,97519,VINO TINTO DE LA TIERRA CARTA DE PLATA   75 CL,97519,P11M4I,8410396280016,3.17,21,https://www.amicesta.com/wp-content/uploads/2019/12/97519.jpg
17,BODEGA,171,VINOS CON DENOMINACION DE ORIGEN,5,VALDEPEÑAS Y CASTILLA LA MANCHA,97944,VINO TINTO CRIANZA CALLE REAL   75 CL,97944,P11M3I,8436043580667,2.39,21,https://www.amicesta.com/wp-content/uploads/2020/06/97944.png
17,BODEGA,171,VINOS CON DENOMINACION DE ORIGEN,5,VALDEPEÑAS Y CASTILLA LA MANCHA,97945,VINO TINTO JOVEN CALLE REAL   75 CL,97945,P11M3I,8436043580674,1.69,21,https://www.amicesta.com/wp-content/uploads/2020/06/97945.png
17,BODEGA,171,VINOS CON DENOMINACION DE ORIGEN,5,VALDEPEÑAS Y CASTILLA LA MANCHA,139402,VINO TINTO LOS MOLINOS   75 CL,139402,P11M4I,8410702001014,1.74,21,https://www.amicesta.com/wp-content/uploads/2020/06/139402.png
17,BODEGA,171,VINOS CON DENOMINACION DE ORIGEN,5,VALDEPEÑAS Y CASTILLA LA MANCHA,139436,VINO TINTO RESERVA VIÑA ALBALI   75 CL,139436,P11M4I,8410702000017,3.37,21,https://www.amicesta.com/wp-content/uploads/2019/05/139436.jpg
17,BODEGA,171,VINOS CON DENOMINACION DE ORIGEN,5,VALDEPEÑAS Y CASTILLA LA MANCHA,141046,VINO D.O.VALDEPEÑAS SEÑORIO DE LOS LLANOS TINTO BOTELLA 75 C,141046,P11M4I,8410415340721,1.94,21,https://www.amicesta.com/wp-content/uploads/2019/12/141046.jpg
17,BODEGA,171,VINOS CON DENOMINACION DE ORIGEN,5,VALDEPEÑAS Y CASTILLA LA MANCHA,149553,VINO TINTO RESERVA CALLE REAL   75 CL,149553,P11M3I,8436016351553,3.15,21,https://www.amicesta.com/wp-content/uploads/2020/06/149553.png
17,BODEGA,171,VINOS CON DENOMINACION DE ORIGEN,5,VALDEPEÑAS Y CASTILLA LA MANCHA,149554,VINO BLANCO JOVEN CALLE REAL   75 CL,149554,P11M5I,8436043580940,1.85,21,https://www.amicesta.com/wp-content/uploads/2019/12/149554.jpg
17,BODEGA,171,VINOS CON DENOMINACION DE ORIGEN,5,VALDEPEÑAS Y CASTILLA LA MANCHA,149661,VINO TINTO TEMPRANILLO JOVEN LA LLANURA   75 CL,149661,P11M3I,8412531972398,1.19,21,https://www.amicesta.com/wp-content/uploads/2020/06/149661.png
17,BODEGA,171,VINOS CON DENOMINACION DE ORIGEN,5,VALDEPEÑAS Y CASTILLA LA MANCHA,155203,VINO TINTO CERRO DE LOS PASTORES   75 CL,155203,P11M3I,7480082309292,1.49,21,https://www.amicesta.com/wp-content/uploads/2020/06/155203.png
17,BODEGA,171,VINOS CON DENOMINACION DE ORIGEN,5,VALDEPEÑAS Y CASTILLA LA MANCHA,155204,VINO TINTO CRIANZA CERRO DE LOS PASTORES   75 CL,155204,P11M4I,8480029357347,1.93,21,https://www.amicesta.com/wp-content/uploads/2019/12/155204.jpg
17,BODEGA,171,VINOS CON DENOMINACION DE ORIGEN,5,VALDEPEÑAS Y CASTILLA LA MANCHA,155205,VINO TINTO RESERVA CERRO DE LOS PASTORES   75 CL,155205,P11M3I,8480029357354,2.66,21,https://www.amicesta.com/wp-content/uploads/2020/06/155205.png
17,BODEGA,171,VINOS CON DENOMINACION DE ORIGEN,5,VALDEPEÑAS Y CASTILLA LA MANCHA,155207,VINO BLANCO CERRO DE LOS PASTORES   75 CL,155207,P11M5I,8480029317396,1.53,21,https://www.amicesta.com/wp-content/uploads/2019/12/155207.jpg
17,BODEGA,171,VINOS CON DENOMINACION DE ORIGEN,5,VALDEPEÑAS Y CASTILLA LA MANCHA,168787,BLANCO AIREN SEÑORIO DE LOS LLANOS 75 CL,168787,P11M5I,8410415510667,1.49,21,https://www.amicesta.com/wp-content/uploads/2019/12/168787.jpg
17,BODEGA,171,VINOS CON DENOMINACION DE ORIGEN,5,VALDEPEÑAS Y CASTILLA LA MANCHA,215830,VINO TINTO CRIANZA SEÑORIO DE LOS LLANOS   75 CL,215830,P11M4I,8410415510629,2.2,21,https://www.amicesta.com/wp-content/uploads/2019/12/215830.jpg
17,BODEGA,171,VINOS CON DENOMINACION DE ORIGEN,5,VALDEPEÑAS Y CASTILLA LA MANCHA,714074,VINO BLANCO AGORA LAGRIMA SEMI 75CL SEMISECO AIREN,714074,P11M5I,8437002764050,3.95,21,https://www.amicesta.com/wp-content/uploads/2019/12/714074.jpg
17,BODEGA,171,VINOS CON DENOMINACION DE ORIGEN,5,VALDEPEÑAS Y CASTILLA LA MANCHA,843912,VINO TINTO CABERNET G.RESERVA SEÑORIO DE GUADIANEJA,843912,P11M4I,8412531996493,12.45,21,https://www.amicesta.com/wp-content/uploads/2019/12/843912.jpg
17,BODEGA,171,VINOS CON DENOMINACION DE ORIGEN,5,VALDEPEÑAS Y CASTILLA LA MANCHA,920389,VINO TINTO CRIANZA 75 CL   CORCOVO,920389,P11M4I,8437000860051,3.99,21,https://www.amicesta.com/wp-content/uploads/2019/12/920389.jpg
17,BODEGA,168,VINOS COMUNES,8,SANGRIAS Y TINTOS DE VERANO,64447,"VINO TINTO VERANO CLASICO SANDEVID PET 1,5 LITROS",64447,P11Cbd,8428922010211,0000.89,21,https://www.amicesta.com/wp-content/uploads/2019/12/64447.jpg
17,BODEGA,168,VINOS COMUNES,8,SANGRIAS Y TINTOS DE VERANO,43554,SANGRIA DON SIMON 1 L.,43554,P11Cbd,8410261151106,1.42,21,https://www.amicesta.com/wp-content/uploads/2019/12/43554.jpg
17,BODEGA,168,VINOS COMUNES,8,SANGRIAS Y TINTOS DE VERANO,64448,"TINTO DE VERANO LIMON SANDEVID PET 1,5 LITROS",64448,P11Cbd,8428922010228,1.52,21,https://www.amicesta.com/wp-content/uploads/2019/05/64448.jpg
17,BODEGA,168,VINOS COMUNES,8,SANGRIAS Y TINTOS DE VERANO,74006,"TINTO DE  VERANO LA CASERA   1,5 L",74006,P11Cbd,8410283346405,1.91,21,https://www.amicesta.com/wp-content/uploads/2019/05/74006.jpg
17,BODEGA,168,VINOS COMUNES,8,SANGRIAS Y TINTOS DE VERANO,74007,"TINTO LIMON PET LA CASERA   1,5 L",74007,P11Cbd,8410283346504,1.79,21,https://www.amicesta.com/wp-content/uploads/2019/12/74007.jpg
17,BODEGA,168,VINOS COMUNES,8,SANGRIAS Y TINTOS DE VERANO,77448,"TINTO DE VERANO DON SIMON SABOR LIMON PET 1,5 LITROS",77448,P11Cbd,8410261152011,1.49,21,https://www.amicesta.com/wp-content/uploads/2019/05/77448.jpg
17,BODEGA,168,VINOS COMUNES,8,SANGRIAS Y TINTOS DE VERANO,83642,SANGRIA PREMIUM DON SIMON  75 CL,83642,P11Cbd,8410261150161,3.32,21,https://www.amicesta.com/wp-content/uploads/2019/12/83642.jpg
17,BODEGA,168,VINOS COMUNES,8,SANGRIAS Y TINTOS DE VERANO,85608,"TINTO DE VERANO SANDEVID LIMON SIN ALCOHOL PET 1,5 L.",85608,P11Cbd,8428922016411,1.72,21,https://www.amicesta.com/wp-content/uploads/2019/05/85608.jpg
17,BODEGA,168,VINOS COMUNES,8,SANGRIAS Y TINTOS DE VERANO,131066,"TINTO VERANO LIMON LA CASERA S/ ALCOHOL PET 1,5 L.",131066,P11Cbd,8410283312042,1.79,21,https://www.amicesta.com/wp-content/uploads/2019/12/131066.jpg
17,BODEGA,168,VINOS COMUNES,8,SANGRIAS Y TINTOS DE VERANO,141043,"SANGRIA DON SIMON SIN ALCOHOL PET 1,5 L",141043,P11Cbd,8410261153001,1.89,21,https://www.amicesta.com/wp-content/uploads/2019/12/141043.jpg
17,BODEGA,168,VINOS COMUNES,8,SANGRIAS Y TINTOS DE VERANO,141127,"TINTO DE VERANO CLASICO DON SIMON   1,5 L",141127,P11Cbd,8410261152004,1.49,21,https://www.amicesta.com/wp-content/uploads/2019/12/141127.jpg
17,BODEGA,168,VINOS COMUNES,8,SANGRIAS Y TINTOS DE VERANO,149788,SANGRIA BRICK SABROSOL   1 L,149788,P11Cbd,8420209018835,0.95,21,https://www.amicesta.com/wp-content/uploads/2019/12/149788.jpg
17,BODEGA,178,VINOS ESPUMOSOS,8,SIDRA Y VINOS ,16108,SIDRA SIN EL GAITERO 75 CL. EL GAITERO   75 CL,16108,P11M9I,8411079501305,0002.49,21,https://www.amicesta.com/wp-content/uploads/2019/12/16108.jpg
17,BODEGA,178,VINOS ESPUMOSOS,8,SIDRA Y VINOS ,12039,SIDRA GAITERO Nº 1 75 CL EL GAITERO,12039,P11M9I,8411079501282,1.86,21,https://www.amicesta.com/wp-content/uploads/2019/05/12039.jpg
17,BODEGA,178,VINOS ESPUMOSOS,8,SIDRA Y VINOS ,12047,SIDRA EXTRA Nº4 EL GAITERO   75 CL,12047,P11M9I,8411079391043,2.48,21,https://www.amicesta.com/wp-content/uploads/2019/12/12047.jpg
17,BODEGA,178,VINOS ESPUMOSOS,8,SIDRA Y VINOS ,26509,SIDRA MANZANA TE GOOD CIDER OF JAI ALAI PACK 4 25 CL,26509,P11M9I,8410635039146,2.81,21,https://www.amicesta.com/wp-content/uploads/2019/12/26509.jpg
17,BODEGA,178,VINOS ESPUMOSOS,8,SIDRA Y VINOS ,36670,SIDRA EVA 75 CL 75 CL,36670,P11M9I,8410635024005,1.25,21,https://www.amicesta.com/wp-content/uploads/2019/12/36670.jpg
17,BODEGA,178,VINOS ESPUMOSOS,8,SIDRA Y VINOS ,95745,SIDRA THE GOOD CIDER   1 L,95745,P11M9I,8410635002997,1.55,21,https://www.amicesta.com/wp-content/uploads/2019/05/95745.jpg
17,BODEGA,178,VINOS ESPUMOSOS,8,SIDRA Y VINOS ,97136,SIDRA ETIQUETA NEGRA EL GAITERO   75 CL,97136,P11M9I,8411079391661,3.95,21,https://www.amicesta.com/wp-content/uploads/2019/12/97136.jpg
17,BODEGA,178,VINOS ESPUMOSOS,8,SIDRA Y VINOS ,98808,SIDRA NATURAL 70 CL.   ASTURIANA RIESTRA,98808,P11M9I,8437002338015,1.6,21,https://www.amicesta.com/wp-content/uploads/2019/12/98808.jpg
17,BODEGA,178,VINOS ESPUMOSOS,8,SIDRA Y VINOS ,913988,SIDRA NATURAL SAIZAR 75 CL,145334,P11M9I,8422170010757,2.05,21,https://www.amicesta.com/wp-content/uploads/2019/05/913988.jpg
17,BODEGA,178,VINOS ESPUMOSOS,8,SIDRA Y VINOS ,152863,CIDER  BOTELLA LADRON DE MANZANAS  75 CL,152863,P11M9I,8410590750001,2.48,21,https://www.amicesta.com/wp-content/uploads/2019/12/152863.jpg
17,BODEGA,178,VINOS ESPUMOSOS,8,SIDRA Y VINOS ,152864,CIDER  LATA LADRON DE MANZANAS  33 CL,152864,P11M9I,8410590710012,1.23,21,https://www.amicesta.com/wp-content/uploads/2019/12/152864.jpg
17,BODEGA,178,VINOS ESPUMOSOS,9,SIDRA Y VINOS ,36820,SIDRA EVA SIN ALCOHOL BOTELLA 75 CL.,36820,P11M9I,8410635013054,1.65,21,https://www.amicesta.com/wp-content/uploads/2019/05/36820.jpg
17,BODEGA,182,"APERITIVOS, MOSTOS Y OTROS",,,47475,VERMOUTH BLANCO CASTELRIO 1 L,47475,P11M8I,8411155920921,1.95,21,https://www.amicesta.com/wp-content/uploads/2020/06/47475.png
17,BODEGA,182,"APERITIVOS, MOSTOS Y OTROS",,,60793,VERMOUTH YZAGUIRRE ROJO 1 LITRO,60793,P11M8I,8425327100127,6.59,21,https://www.amicesta.com/wp-content/uploads/2019/12/60793.jpg
17,BODEGA,182,"APERITIVOS, MOSTOS Y OTROS",,,100790,VERMOUTH ROSATO MARTINI   1 L,100790,P11M8I,5010677945004,8.52,21,https://www.amicesta.com/wp-content/uploads/2019/05/100790.jpg
17,BODEGA,182,"APERITIVOS, MOSTOS Y OTROS",,,120451,VERMOUTH ROJO CASTELRIO 1 L,120451,P11M8I,8411155920914,1.95,21,https://www.amicesta.com/wp-content/uploads/2020/06/120451.png
17,BODEGA,182,"APERITIVOS, MOSTOS Y OTROS",,,135233,BIANCO ROYALE MARTINI   75 CL,135233,P11M8I,8000570860006,8.79,21,https://www.amicesta.com/wp-content/uploads/2019/05/135233.jpg
17,BODEGA,182,"APERITIVOS, MOSTOS Y OTROS",,,152641,VERMUT1L ROJO TRADICIONAL 15% DOMINIO UNZOLA 1 LI,152641,P11M8I,8411304007367,2.14,21,https://www.amicesta.com/wp-content/uploads/2019/12/152641.jpg
17,BODEGA,182,"APERITIVOS, MOSTOS Y OTROS",,,384685,MARTINI ROSSO 1 L MARTINI   1 L,384685,P11M8I,5010677915007,8.32,21,https://www.amicesta.com/wp-content/uploads/2019/05/384685.jpg
17,BODEGA,182,"APERITIVOS, MOSTOS Y OTROS",,,384693,VERMOUTH BIANCO MARTINI   1 L,384693,P11M8I,5010677925006,8.32,21,https://www.amicesta.com/wp-content/uploads/2019/12/384693.jpg
17,BODEGA,184,BRANDYS,,,12583,BRANDY TORRES 5 SOLERA SELECTA 70 CL.,12583,Linea de Caja 1,8410113000019,0012.79,21,https://www.amicesta.com/wp-content/uploads/2020/06/12583.png
17,BODEGA,184,BRANDYS,,,12450,SOBERANO 33° 1 L,12450,Linea de Caja 1,8410023021968,8.95,21,https://www.amicesta.com/wp-content/uploads/2019/05/12450.jpg
17,BODEGA,184,BRANDYS,,,12492,BRANDY CARLOS III 70 CL CARLOS III   70 CL,12492,Linea de Caja 1,8410337072083,10.44,21,https://www.amicesta.com/wp-content/uploads/2019/12/12492.jpg
17,BODEGA,184,BRANDYS,,,12500,VETERANO 33° 1 L,12500,Linea de Caja 1,8410337031028,8.09,21,https://www.amicesta.com/wp-content/uploads/2019/12/12500.jpg
17,BODEGA,184,BRANDYS,,,12526,CENTENARIO SOLERA 30º  1 L.,12526,Linea de Caja 1,8410162011127,8.09,21,https://www.amicesta.com/wp-content/uploads/2019/12/12526.jpg
17,BODEGA,184,BRANDYS,,,86818,BRANDY DE JEREZ REY DE ORO RES REY DE ORO RVA.   70CL.,86818,P11M1I,8410028250301,6.81,21,https://www.amicesta.com/wp-content/uploads/2019/12/86818.jpg
17,BODEGA,186,WHISKIES,,,112714,WHISKY DEWAR'S 70 CL DEWAR'S   70 CL,112714,Linea de Caja 1,5000277000906,0010.95,21,https://www.amicesta.com/wp-content/uploads/2020/06/112714.png
17,BODEGA,186,WHISKIES,,,119842,WHISKY ESCOCES PASSPORT 70 CL.,119842,Linea de Caja 1,5000299210048,0010.95,21,https://www.amicesta.com/wp-content/uploads/2019/12/119842.jpg
17,BODEGA,186,WHISKIES,,,206508,WHISKY ESCOCES VAT 69 B/70 CL.,206508,Linea de Caja 1,5000292261115,0007.95,21,https://www.amicesta.com/wp-content/uploads/2019/05/206508.jpg
17,BODEGA,186,WHISKIES,,,351916,WHISKY MALTA 12 AÑOS CARDHU   70 CL,351916,Linea de Caja 1,5000267102573,0023.95,21,https://www.amicesta.com/wp-content/uploads/2019/05/351916.jpg
17,BODEGA,186,WHISKIES,,,429035,WHISKY 5 AÑOS DYC   1 L,429035,Linea de Caja 1,8410854023421,0009.99,21,https://www.amicesta.com/wp-content/uploads/2019/05/429035.jpg
17,BODEGA,186,WHISKIES,,,13052,WHISKY CHIVAS REGAL 70 CL. CHIVAS   70 CL.,13052,Linea de Caja 1,80432402931,23.28,21,https://www.amicesta.com/wp-content/uploads/2019/12/13052.jpg
17,BODEGA,186,WHISKIES,,,13078,WHISKY ESCOCES J & B 70 CL,13078,Linea de Caja 1,5010103800945,10.77,21,https://www.amicesta.com/wp-content/uploads/2019/05/13078.jpg
17,BODEGA,186,WHISKIES,,,13110,WHISKY ETIQUETA ROJA JOHNIE WALKER   70 CL,13110,Linea de Caja 1,5000267014203,12.99,21,https://www.amicesta.com/wp-content/uploads/2019/05/13110.jpg
17,BODEGA,186,WHISKIES,,,72322,WHISKY BALLANTINES   70 CL,72322,Linea de Caja 1,5000299606292,10.77,21,https://www.amicesta.com/wp-content/uploads/2019/12/72322.jpg
17,BODEGA,186,WHISKIES,,,100693,WHISKY 5 AÑOS CUTTY SARK   70 CL,100693,Linea de Caja 1,5010504100095,11.12,21,https://www.amicesta.com/wp-content/uploads/2019/05/100693.jpg
17,BODEGA,186,WHISKIES,,,100850,WHISKY FINEST GOLD KISS 70 CL BLENDED   70 CL,100850,P11M1I,8413241770533,4.93,21,https://www.amicesta.com/wp-content/uploads/2019/12/100850.jpg
17,BODEGA,186,WHISKIES,,,142125,WHISKY WILLIAM LAWSON   70 CL,142125,Linea de Caja 1,5010752000307,7.83,21,https://www.amicesta.com/wp-content/uploads/2019/05/142125.jpg
17,BODEGA,186,WHISKIES,,,145862,WHISKY ETIQUETA NEGRA JOHNIE WALKER   70 CL,145862,Linea de Caja 1,5000267179797,24,21,https://www.amicesta.com/wp-content/uploads/2020/06/145862.png
17,BODEGA,186,WHISKIES,,,161737,WHISKY 70 CL.   DOBLE V,161737,Linea de Caja 1,8410725090101,8.81,21,https://www.amicesta.com/wp-content/uploads/2019/12/161737.jpg
17,BODEGA,186,WHISKIES,,,206532,WHISKY JAMESON   70 CL,206532,Linea de Caja 1,5011007003005,16.62,21,https://www.amicesta.com/wp-content/uploads/2019/05/206532.jpg
17,BODEGA,186,WHISKIES,,,229286,BOURBON FOUR ROSES   70 CL,229286,Linea de Caja 1,5000299101100,14.46,21,https://www.amicesta.com/wp-content/uploads/2019/12/229286.jpg
17,BODEGA,186,WHISKIES,,,258780,WHISKY 8 AÑOS DYC   70 CL,258780,Linea de Caja 1,8410854012319,11.12,21,https://www.amicesta.com/wp-content/uploads/2019/05/258780.jpg
17,BODEGA,186,WHISKIES,,,352922,WHISKY JACK DANIELS   70 CL,352922,Linea de Caja 1,5099873090473,19.26,21,https://www.amicesta.com/wp-content/uploads/2019/12/352922.jpg
17,BODEGA,187,"RON ,COMBINADOS Y OTROS",,,185470,RON AÑEJO BRUGAL   70 CL,185470,Linea de Caja 1,7460855200353,0011.95,21,https://www.amicesta.com/wp-content/uploads/2019/05/185470.jpg
17,BODEGA,187,"RON ,COMBINADOS Y OTROS",,,352591,RON CACIQUE   70 CL,352591,Linea de Caja 1,5000281030838,0010.99,21,https://www.amicesta.com/wp-content/uploads/2019/12/352591.jpg
17,BODEGA,187,"RON ,COMBINADOS Y OTROS",,,12930,RON CARTA BLANCA BACARDI   1 L,12930,Linea de Caja 1,5010677012768,15.74,21,https://www.amicesta.com/wp-content/uploads/2019/12/12930.jpg
17,BODEGA,187,"RON ,COMBINADOS Y OTROS",,,12997,RON NEGRITA BARDINET   70 CL,12997,Linea de Caja 1,8410490001043,8.03,21,https://www.amicesta.com/wp-content/uploads/2019/12/12997.jpg
17,BODEGA,187,"RON ,COMBINADOS Y OTROS",,,23810,RON AÑEJO ESPECIAL 5 70 CL.  HAVANA,23810,Linea de Caja 1,8501110080927,13.71,21,https://www.amicesta.com/wp-content/uploads/2019/12/23810.jpg
17,BODEGA,187,"RON ,COMBINADOS Y OTROS",,,61462,SPIRIT AGTE CAÑA BLANCO MAYERLING 30º 70CL,61462,P11M2I,8413241740574,4.08,21,https://www.amicesta.com/wp-content/uploads/2019/12/61462.jpg
17,BODEGA,187,"RON ,COMBINADOS Y OTROS",,,68531,RON AÑEJO TRINIDAD 70 CL,68531,P11M2I,8410490070049,6.94,21,https://www.amicesta.com/wp-content/uploads/2019/12/68531.jpg
17,BODEGA,187,"RON ,COMBINADOS Y OTROS",,,98878,RON VARADERO AÑEJO 38º 70CL,98878,Linea de Caja 1,8420039113229,12.95,21,https://www.amicesta.com/wp-content/uploads/2019/12/98878.jpg
17,BODEGA,187,"RON ,COMBINADOS Y OTROS",,,103946,RON SANTA TERESA GRAN RVA.70 C SANTA TERESA   70 CL.,103946,Linea de Caja 1,7591156404864,15.45,21,https://www.amicesta.com/wp-content/uploads/2020/06/103946.png
17,BODEGA,187,"RON ,COMBINADOS Y OTROS",,,105124,RON AÑEJO MAGUA BOTELLA 70 CL.,105124,P11M1I,8413425010479,6.81,21,https://www.amicesta.com/wp-content/uploads/2019/12/105124.jpg
17,BODEGA,187,"RON ,COMBINADOS Y OTROS",,,120116,"MOJITO 14,9º MAGUA   70 CL",120116,P11M1I,8413425012039,5.99,21,https://www.amicesta.com/wp-content/uploads/2019/12/120116.jpg
17,BODEGA,187,"RON ,COMBINADOS Y OTROS",,,120778,MARGARITA MAGUA   70 CL,120778,P11M1I,8413425012220,5.19,21,https://www.amicesta.com/wp-content/uploads/2019/12/120778.jpg
17,BODEGA,187,"RON ,COMBINADOS Y OTROS",,,135250,SPIRIT ASTE DORADO MAYERLING 30º BOTELLA 70 CL,135250,P11M2I,8413241770465,5.28,21,https://www.amicesta.com/wp-content/uploads/2019/12/135250.jpg
17,BODEGA,187,"RON ,COMBINADOS Y OTROS",,,142307,PONCHE 25º MAYERLING   1LT,142307,P11M3I,8413241770793,6.25,21,https://www.amicesta.com/wp-content/uploads/2019/12/142307.jpg
17,BODEGA,187,"RON ,COMBINADOS Y OTROS",,,173088,RON BARCELO AÑEJO 70 CL.,173088,Linea de Caja 1,7461323129237,13.71,21,https://www.amicesta.com/wp-content/uploads/2019/05/173088.jpg
17,BODEGA,188,"GINEBRAS, VODKAS Y TEQUILAS",,,40287,TEQUILA GOLD JOSE CUERVO   70 CL,40287,P11M2I,7501035042131,0013.95,21,https://www.amicesta.com/wp-content/uploads/2019/05/40287.jpg
17,BODEGA,188,"GINEBRAS, VODKAS Y TEQUILAS",,,57622,GIN STRAWBERRY BLUE EYES   70 CL,57622,P11M1I,8413241773206,0006.95,21,https://www.amicesta.com/wp-content/uploads/2019/12/57622.jpg
17,BODEGA,188,"GINEBRAS, VODKAS Y TEQUILAS",,,142576,GIN LARIOS 12   70 CL,142576,Linea de Caja 1,8411144100198,0012.95,21,https://www.amicesta.com/wp-content/uploads/2019/12/142576.jpg
17,BODEGA,188,"GINEBRAS, VODKAS Y TEQUILAS",,,251389,GIN BOMBAY SAPPHIRE 70 CL BOMBAY SAPPHIRE   70 CL,251389,Linea de Caja 1,5010677714006,0018.95,21,https://www.amicesta.com/wp-content/uploads/2019/12/251389.jpg
17,BODEGA,188,"GINEBRAS, VODKAS Y TEQUILAS",,,12898,GIN BEEFEATER   70 CL,12898,Linea de Caja 1,5000299605042,12.63,21,https://www.amicesta.com/wp-content/uploads/2019/05/12898.jpg
17,BODEGA,188,"GINEBRAS, VODKAS Y TEQUILAS",,,13008,GIN RANGPUR TANQUERAY   70 CL,13008,Linea de Caja 1,5000291021628,19.26,21,https://www.amicesta.com/wp-content/uploads/2019/12/13008.jpg
17,BODEGA,188,"GINEBRAS, VODKAS Y TEQUILAS",,,27733,GINEBRA STRAWBERRY PUERTO DE INDIAS   70 CL,27733,Linea de Caja 1,8437004142115,13.75,21,https://www.amicesta.com/wp-content/uploads/2019/05/27733.jpg
17,BODEGA,188,"GINEBRAS, VODKAS Y TEQUILAS",,,36051,TEQUILA 35º XALAPAK   70 CL.,36051,P11M2I,3596710063482,7.04,21,https://www.amicesta.com/wp-content/uploads/2020/07/36051.jpg
17,BODEGA,188,"GINEBRAS, VODKAS Y TEQUILAS",,,44755,"GIN ROSE 37,5& LARIOS   70CL",44755,Linea de Caja 1,8411144100402,13.06,21,https://www.amicesta.com/wp-content/uploads/2019/05/44755.jpg
17,BODEGA,188,"GINEBRAS, VODKAS Y TEQUILAS",,,47484,VODKA BASED SPIRIT MAYERLING 30º 70 CL,47484,P11M2I,8413241740536,4.29,21,https://www.amicesta.com/wp-content/uploads/2019/12/47484.jpg
17,BODEGA,188,"GINEBRAS, VODKAS Y TEQUILAS",,,62410,VODKA ERISTOFF BLACK 70 CL,62410,Linea de Caja 1,5010677801553,9.55,21,https://www.amicesta.com/wp-content/uploads/2019/12/62410.jpg
17,BODEGA,188,"GINEBRAS, VODKAS Y TEQUILAS",,,64731,TEQUILA BLANCO 888 BOTELLA 70 CL.,64731,P11M2I,8413425005352,9.65,21,https://www.amicesta.com/wp-content/uploads/2019/12/64731.jpg
17,BODEGA,188,"GINEBRAS, VODKAS Y TEQUILAS",,,85127,VODKA DANZKA 40º BOTELLA 70 CL,85127,Linea de Caja 1,5788686123545,10.73,21,https://www.amicesta.com/wp-content/uploads/2019/12/85127.jpg
17,BODEGA,188,"GINEBRAS, VODKAS Y TEQUILAS",,,87015,VODKA ABSOLUT   70 CL,87015,Linea de Caja 1,7312040097708,12.4,21,https://www.amicesta.com/wp-content/uploads/2019/05/87015.jpg
17,BODEGA,188,"GINEBRAS, VODKAS Y TEQUILAS",,,100849,ESPIRITUOSO GIN SECOLARRIS   1L.,100849,P11M1I,8413241770014,6.39,21,https://www.amicesta.com/wp-content/uploads/2019/12/100849.jpg
17,BODEGA,188,"GINEBRAS, VODKAS Y TEQUILAS",,,112329,GIN PREMIUM 47º KINROSS   70 CL,112329,Linea de Caja 1,8413425012046,9.35,21,https://www.amicesta.com/wp-content/uploads/2019/12/112329.jpg
17,BODEGA,188,"GINEBRAS, VODKAS Y TEQUILAS",,,114574,GIN SEAGRAM'S   70 CL,114574,Linea de Caja 1,5900685007910,15.73,21,https://www.amicesta.com/wp-content/uploads/2019/12/114574.jpg
17,BODEGA,188,"GINEBRAS, VODKAS Y TEQUILAS",,,116193,"GINEBRA MOMBASA CLUB 41,5º 70 CL",116193,Linea de Caja 1,8437011284020,20.05,21,https://www.amicesta.com/wp-content/uploads/2019/12/116193.jpg
17,BODEGA,188,"GINEBRAS, VODKAS Y TEQUILAS",,,123836,GIN LARIOS   1 L,123836,Linea de Caja 1,8411144100082,10.54,21,https://www.amicesta.com/wp-content/uploads/2019/05/123836.jpg
17,BODEGA,188,"GINEBRAS, VODKAS Y TEQUILAS",,,130109,LONDON GIN MASTER'S 40º 70 CL.,130109,Linea de Caja 1,8411640000435,14.69,21,https://www.amicesta.com/wp-content/uploads/2019/12/130109.jpg
17,BODEGA,188,"GINEBRAS, VODKAS Y TEQUILAS",,,159103,GINEBRA GORDONS 70 CL.,159103,Linea de Caja 1,5000289925440,8.4,21,https://www.amicesta.com/wp-content/uploads/2019/12/159103.jpg
17,BODEGA,188,"GINEBRAS, VODKAS Y TEQUILAS",,,228643,VODKA ERISTOFF B/ 70 CL,228643,Linea de Caja 1,8410414000466,7.83,21,https://www.amicesta.com/wp-content/uploads/2019/12/228643.jpg
17,BODEGA,188,"GINEBRAS, VODKAS Y TEQUILAS",,,260158,VODKA MOSKOVSKAYA   70 CL,260158,Linea de Caja 1,4750021001208,10.67,21,https://www.amicesta.com/wp-content/uploads/2019/12/260158.jpg
17,BODEGA,188,"GINEBRAS, VODKAS Y TEQUILAS",,,307520,VODKA SMIRNOFF 70 CL.,307520,Linea de Caja 1,5410316083607,9.4,21,https://www.amicesta.com/wp-content/uploads/2019/05/307520.jpg
17,BODEGA,188,"GINEBRAS, VODKAS Y TEQUILAS",,,351924,GIN LONDON TANQUERAY   70 CL,351924,Linea de Caja 1,5000281015248,13.22,21,https://www.amicesta.com/wp-content/uploads/2019/05/351924.jpg
17,BODEGA,193,OTROS LICORES Y CREMAS,,,25221,LICOR DE HIERBAS RUAVIEJA   70 CL.,25221,Linea de Caja 1,8412006102152,0007.99,21,https://www.amicesta.com/wp-content/uploads/2019/05/25221.jpg
17,BODEGA,193,OTROS LICORES Y CREMAS,,,34675,LICOR MANZANA S/ALCOHOL MAYERLING   70 CL,34675,P11M2I,8413241440405,0001.39,10,https://www.amicesta.com/wp-content/uploads/2019/12/34675.jpg
17,BODEGA,193,OTROS LICORES Y CREMAS,,,140417,ORUJO BLANCO 40º OLAVE  70 CL,140417,P11M2I,8413425005659,0006.95,21,https://www.amicesta.com/wp-content/uploads/2019/12/140417.jpg
17,BODEGA,193,OTROS LICORES Y CREMAS,,,11427,LIMONCELLO DE SORRENTO VILLA MASSA 70 CL,11427,P11M2I,8033413430036,12.24,21,https://www.amicesta.com/wp-content/uploads/2019/05/11427.jpg
17,BODEGA,193,OTROS LICORES Y CREMAS,,,12765,ANIS DULCE CHINCHON   1LT,12765,P11M2I,8410023172240,11.49,21,https://www.amicesta.com/wp-content/uploads/2020/06/12765.png
17,BODEGA,193,OTROS LICORES Y CREMAS,,,12773,ANISSETTE Mª BRIZARD 1 L. MARIE BRIZARD   1 L,12773,P11M2I,8410643001234,8.02,21,https://www.amicesta.com/wp-content/uploads/2019/05/12773.jpg
17,BODEGA,193,OTROS LICORES Y CREMAS,,,13219,PACHARAN ZOCO   1 L,13219,P11M2I,8410614001003,9.8,21,https://www.amicesta.com/wp-content/uploads/2019/05/13219.jpg
17,BODEGA,193,OTROS LICORES Y CREMAS,,,13243,LICOR COINTREAU   70 CL.,13243,Linea de Caja 1,3035542004206,14.65,21,https://www.amicesta.com/wp-content/uploads/2019/05/13243.jpg
17,BODEGA,193,OTROS LICORES Y CREMAS,,,13318,PACHARAN LA NAVARRA 1 L.,13318,P11M2I,8410417100019,9.99,21,https://www.amicesta.com/wp-content/uploads/2019/05/13318.jpg
17,BODEGA,193,OTROS LICORES Y CREMAS,,,17785,CREMA DE TURRON 15º TEICHENNE   70 CL,17785,P11M2I,8413425013296,8.09,21,https://www.amicesta.com/wp-content/uploads/2019/12/17785.jpg
17,BODEGA,193,OTROS LICORES Y CREMAS,,,23721,ANIS DULCE LA CASTELLANA BOTELLA 70 CL,23721,P11M2I,8411144100303,7.45,21,https://www.amicesta.com/wp-content/uploads/2019/05/23721.jpg
17,BODEGA,193,OTROS LICORES Y CREMAS,,,34674,LICOR DE MORA MAYERLING   70 CL,34674,P11M2I,8413241440429,1.99,10,https://www.amicesta.com/wp-content/uploads/2019/12/34674.jpg
17,BODEGA,193,OTROS LICORES Y CREMAS,,,48775,CREMA DE WHISKY REGAL GOLD   70 CL.,48775,Linea de Caja 1,8413425005901,4.79,21,https://www.amicesta.com/wp-content/uploads/2019/12/48775.jpg
17,BODEGA,193,OTROS LICORES Y CREMAS,,,71298,CREMA ORUJO RUAVIEJA   70 CL,71298,Linea de Caja 1,8412006107157,10.95,21,https://www.amicesta.com/wp-content/uploads/2019/05/71298.jpg
17,BODEGA,193,OTROS LICORES Y CREMAS,,,75655,BATIDO DE COCO MANGAROCA   70 CL.,75655,Linea de Caja 1,4003310016095,10.19,21,https://www.amicesta.com/wp-content/uploads/2019/05/75655.jpg
17,BODEGA,193,OTROS LICORES Y CREMAS,,,91738,LICOR DE HIERBAS MOS DE PAS   70 CL.,91738,P11M2I,8413241740741,5.85,21,https://www.amicesta.com/wp-content/uploads/2019/12/91738.jpg
17,BODEGA,193,OTROS LICORES Y CREMAS,,,108265,ANIS MONO DULCE 70 CL,108265,P11M2I,8410337219082,7.11,21,https://www.amicesta.com/wp-content/uploads/2019/05/108265.jpg
17,BODEGA,193,OTROS LICORES Y CREMAS,,,120327,PONCHE CABALLERO 70 CL 70 CL,120327,Linea de Caja 1,8410863023009,9.56,21,https://www.amicesta.com/wp-content/uploads/2019/05/120327.jpg
17,BODEGA,193,OTROS LICORES Y CREMAS,,,123083,LICOR MALIBU   70 CL.,123083,Linea de Caja 1,8410024710601,10.05,21,https://www.amicesta.com/wp-content/uploads/2019/05/123083.jpg
17,BODEGA,193,OTROS LICORES Y CREMAS,,,140423,PACHARAN OLAVE   70 CL,140423,P11M2I,8413425013128,6.55,21,https://www.amicesta.com/wp-content/uploads/2019/12/140423.jpg
17,BODEGA,193,OTROS LICORES Y CREMAS,,,142273,LICOR MELOTON S/ALCOHOL MAYERLING   70 CL,142273,P11M2I,8413241440412,1.79,10,https://www.amicesta.com/wp-content/uploads/2019/12/142273.jpg
17,BODEGA,193,OTROS LICORES Y CREMAS,,,142281,ANISETE MAYERLING 25º 70CL MAYERLING   70 CL,142281,P11M3I,8413241770632,4.2,21,https://www.amicesta.com/wp-content/uploads/2019/12/142281.jpg
17,BODEGA,193,OTROS LICORES Y CREMAS,,,146189,CREMA CHOCOLAT LUXE BAILEYS   50 CL.,146189,Linea de Caja 1,5011013999064,16.09,21,https://www.amicesta.com/wp-content/uploads/2019/05/146189.jpg
17,BODEGA,193,OTROS LICORES Y CREMAS,,,148314,LICOR DE HIERBAS JAGERMEIFTER   70 CL.,148314,Linea de Caja 1,4067700015082,13.08,21,https://www.amicesta.com/wp-content/uploads/2019/05/148314.jpg
17,BODEGA,193,OTROS LICORES Y CREMAS,,,158369,LIMONCELLO DEL MEDITERRANEO 70 CL.,158369,P11M2I,8436016080019,8.69,21,https://www.amicesta.com/wp-content/uploads/2019/12/158369.jpg
17,BODEGA,193,OTROS LICORES Y CREMAS,,,168963,LICOR CREMA CATALANA MELODY 75 CL.,168963,Linea de Caja 1,8410837888795,8.04,21,https://www.amicesta.com/wp-content/uploads/2019/12/168963.jpg
17,BODEGA,193,OTROS LICORES Y CREMAS,,,267468,LICOR FRANGELICO   70 CL.,267468,Linea de Caja 1,8004160660304,12.63,21,https://www.amicesta.com/wp-content/uploads/2019/12/267468.jpg
17,BODEGA,193,OTROS LICORES Y CREMAS,,,340364,LICOR PECHE YACHTING   70 CL.,340364,Linea de Caja 1,3014400005463,5.99,21,https://www.amicesta.com/wp-content/uploads/2019/12/340364.jpg
17,BODEGA,193,OTROS LICORES Y CREMAS,,,490227,LICOR AMARETTO DI SARONNO   70 CL.,490227,Linea de Caja 1,8001110016303,15.1,21,https://www.amicesta.com/wp-content/uploads/2019/05/490227.jpg
17,BODEGA,193,OTROS LICORES Y CREMAS,,,723014,LICOR MANZANA VERDE S/ALCOHOL DROLS   1 LT,723014,P11M2I,8414387295010,2.65,10,https://www.amicesta.com/wp-content/uploads/2020/06/723014.png
17,BODEGA,193,OTROS LICORES Y CREMAS,,,723018,LICOR MORA AZUL SIN ALCOHOL DROLS   1LT,723018,P11M2I,8414387295102,2.95,10,https://www.amicesta.com/wp-content/uploads/2019/12/723018.jpg
17,BODEGA,193,OTROS LICORES Y CREMAS,,,723019,CREMA LIMON DROLS   BOTELLA 70 CL,723019,P11M2I,8414387250248,7.45,21,https://www.amicesta.com/wp-content/uploads/2019/12/723019.jpg
17,BODEGA,193,OTROS LICORES Y CREMAS,,,47238,LICOR DE CAFÉ RUAVIEJA   70 CL.,47238,Linea de Caja 1,8412006105009,9.9,21,https://www.amicesta.com/wp-content/uploads/2020/06/47238.png
17,BODEGA,193,OTROS LICORES Y CREMAS,,,80804,CREMA DE WHISKY BAILEYS   70 CL,80804,Linea de Caja 1,5011013100156,11.75,21,https://www.amicesta.com/wp-content/uploads/2020/06/80804.png
17,BODEGA,193,OTROS LICORES Y CREMAS,,,142240,LICOR DE CREMA 15º MAYERLING   70 CL,142240,Linea de Caja 1,8413241773183,4.57,21,https://www.amicesta.com/wp-content/uploads/2020/06/142240.png
17,BODEGA,193,OTROS LICORES Y CREMAS,,,143263,CREMA DE WHISKY HIGHFIELDS   70 CL,143263,Linea de Caja 1,8413425010790,4.64,21,https://www.amicesta.com/wp-content/uploads/2019/12/143263.jpg
17,BODEGA,193,OTROS LICORES Y CREMAS,,,225573,AGUARDIENTE RUAVIEJA 70CL,225573,Linea de Caja 1,8412006101155,12.79," ""f%",https://www.amicesta.com/wp-content/uploads/2020/06/225573.png
